quality_score,notice_id,original_title,buyer_name,country,deadline,estimated_value_eur,tender_url,english_summary,what_they_want,eligibility_requirements,evaluation_criteria,language_detected
3,rls-18-MAR552625,Microscopy and Imaging Equipment,APUC Limited,SCT,2026-05-06,80000000.0,https://www.publiccontractsscotland.gov.uk/search/show/ocds-r6ebe6-0000823577,"This is a framework tender for the supply of microscopy and imaging equipment for Scottish higher education institutions. The procurement covers a wide range of optical microscopes from low-end teaching equipment (under £10,000) to high-end research systems (over £10,000), including advanced laser microscopy, super resolution systems, cameras, detectors, light sources, and high-content screening equipment.","Low-end optical microscopes (under £10,000 excl. VAT) including compound microscopes (upright/inverted with optional fluorescence and cameras), stereo/zoom microscopes, and gel documentation systems. High-end optical microscopes (over £10,000 excl. VAT) including compound microscopes, stereo/zoom microscopes, label-free holographic microscopes, automated live cell microscopes, and slide scanners. Advanced laser microscopy systems (confocal, spinning disc, TIRF, light sheet, multi-photon). Super resolution microscopy equipment (STED, GSD, SPDMphymod). FLIM/FRET systems and structured illumination systems. Specialist cameras and detectors (PMTs, FLIM detectors). Light sources (incandescent lamps, halogen bulbs, arc lamps, LED light sources, lasers). High-content screening systems with associated software and automatic sample handling.",Economic operators may be excluded if they are in any of the situations referred to in regulation 58 of the Public Contracts (Scotland) Regulations 2015 (mandatory and discretionary grounds for exclusion).,NOT FOUND,English
3,rls-9-MAY556636,Janitorial Products,APUC Limited,SCT,2026-06-26,17900000.0,https://www.publiccontractsscotland.gov.uk/search/show/ocds-r6ebe6-0000832270,"This is a tender for the supply of janitorial and cleaning products across Scotland, divided into two lots: Lot 1 covers general janitorial/cleaning products and materials, while Lot 2 covers single-use and reusable sanitary products with delivery to multiple sites including direct-to-student options.",Lot 1 - Range of janitorial and cleaning products and associated materials and services (minimum 170 line items from Core Product List Section A). Lot 2 - Single use and reusable sanitary products and associated support services (minimum 22 line items from Core Product List Section A).,"Contractors must be able to price and supply minimum 71.75% (170 line items) of Core Product List for Lot 1, and minimum 64.71% (22 line items) for Lot 2. Economic operators may be excluded if they fall under situations referred to in regulation 58 of the Public Contracts (Scotland) Regulations 2015.",NOT FOUND,English
3,rls-98-JUN557010,Central Venous Catheters,The Common Services Agency (more commonly known as NHS National Services Scotland) (NSS),SCT,2026-07-03,13000000.0,https://www.publiccontractsscotland.gov.uk/search/show/ocds-r6ebe6-0000819559,"NHS National Services Scotland is procuring a framework agreement for various types of central venous catheters and related vascular access devices. This includes coated and non-coated CVCs, PICC lines, arterial lines, dialysis catheters, stabilisation devices, implantable ports, and associated accessories for administering medication, fluids, and blood sampling across adult and paediatric populations.","Coated Central Venous Catheters (CVC), Non-Coated Central Venous Catheters, Paediatric Central Venous Catheters, Midline Catheters, Skin Tunnelling Catheters, PICC Lines (Antimicrobial), PICC Lines (Non-Coated), Seldinger Arterial Lines, Non-Seldinger Arterial Cannulas, IV Flush Saline Pre-filled Syringes, Stabilisation Devices, Dialysis Central Venous Catheters, Implantable Ports, Central Venous Catheter Insertion Packs, Accessories (unscored lot), and Innovation products (unscored lot). No specific model numbers or brands mentioned.",NOT FOUND,"Multiple scored lots (Lots 1-14) and unscored lots (Accessories, Innovation, Insertion Packs). Suppliers must meet all mandatory requirements and tender against scored lots to be eligible for unscored lots. Specific price/quality weightings not mentioned.",English
3,rls-30-JUL560783,"Purchase of Orthopaedic Power Tools, Bone Cement & Mixers, Pulse Lavage & Tourniquets",The Common Services Agency (more commonly known as Public Services Delivery Scotland) (PSD Scotland),SCT,2026-09-02,40000000.0,https://www.publiccontractsscotland.gov.uk/search/show/ocds-r6ebe6-0000837295,"This is a framework tender for orthopaedic surgical equipment across NHS Scotland, covering power tools (both general and precision), bone cement and mixing systems, pulse lavage irrigation systems, and tourniquet cuffs with accessories. The procurement is organized into multiple lots for use in acute orthopaedic surgical procedures by trained NHS personnel.","Orthopaedic surgical power tools including bone saws, dermatomes, cutters, drills, drivers, and handpieces (both large/small bone and precision/specialist tools for spinal/neuro/CMF/ENT procedures); consumables and accessories for power tools; bone cement and bone cement mixing systems; bone cement accessories; pulse lavage irrigation systems; tourniquet cuffs (disposable, reusable, and semi-reusable); tourniquet cuff accessories; service and maintenance plans for all equipment.",NOT FOUND,Multiple scored lots (Lots 1-8) and unscored lots (Lots 9-11 including service/maintenance and innovation). Specific weighting percentages not provided in the notice. Bidders must bid on at least one scored lot (1-8) to qualify for unscored lots.,English
3,rls-47-JUL560432,"NHS Grampian Radiotherapy TPS, OMS and Archive Replacement",NHS Grampian,SCT,2026-08-17,1215000.0,https://www.publiccontractsscotland.gov.uk/search/show/ocds-r6ebe6-0000837776,"NHS Grampian seeks to replace end-of-life radiotherapy equipment at Aberdeen Cancer Centre, including a Treatment Planning System, Oncology Information Management System, and Radiotherapy Archive under Scotland's Capital Equipment Replacement Programme. The contract will be awarded to a single prime contractor responsible for turnkey delivery of all systems and services.","One (1) Treatment Planning System (TPS), one (1) Oncology Information Management System (OMS), and one (1) Radiotherapy Archive for installation at Aberdeen Cancer Centre, Aberdeen Royal Infirmary. Turnkey implementation including all associated services and installation required.",Contractors must be able to act as Prime Contractor with full responsibility for all products and services. Site visit(s) to Aberdeen Cancer Centre required. Must be capable of managing sub-contracting or collaborative arrangements with other suppliers as needed.,NOT FOUND,English
3,rls-56-AUG562206,NP57426 Condoms & Sexual Health Products,The Common Services Agency (more commonly known as Public Services Delivery Scotland) (PSD Scotland),SCT,2026-09-17,1143000.0,https://www.publiccontractsscotland.gov.uk/search/show/ocds-r6ebe6-0000839868,"This is a framework tender for the supply of sexual health products and services to NHS Scotland. The procurement covers multiple lots including condoms, lubricants, sexual health testing products, pre-bagged sexual health kits, and value-added services to support sexual health service delivery across Scotland.","Lot 1: Loose condoms (standard latex, large, latex-free, extra-thin, flavoured, textured, internal condoms) and lubricants. Lot 2: Pre-bagged sexual health kits containing condoms, lubricants and other sexual health products. Lot 3: Sexual health and pregnancy testing products (pregnancy tests, HIV tests, syphilis tests, combination testing products). Lot 4: Added value services (educational resources, awareness campaigns, training materials, patient information, health promotion initiatives). Lot 5: Innovative products, services and solutions (new product developments, technological advancements, service enhancements, packaging innovations, environmental improvements).",NOT FOUND,"Lots 1 and 2 evaluated together as combined requirement - Commercial 30% for Lot 1, Commercial 30% for Lot 2, Combined total 60%. Multi-supplier ranked and scored. Tenderers ranked based on combined evaluated score across Lots 1 and 2. Lot 3 is multi-supplier unranked award evaluated independently. Lots 4 and 5 are unranked and unscored - suppliers awarded on Lots 1, 2 and/or 3 automatically awarded places on Lots 4 and 5.",English
2,rls-85-MAR551217,Patient Lifting,The Common Services Agency (more commonly known as NHS National Services Scotland) (NSS),SCT,2026-04-08,8400000.0,https://www.publiccontractsscotland.gov.uk/search/show/ocds-r6ebe6-0000825494,"This is a tender for patient lifting equipment and accessories for NHS Scotland Health Boards and local authorities. The procurement covers multiple lots including mobile hoists (active and passive electric), gantry hoists, patient slings (clip and loop types, both reusable and patient-specific), sliding sheets, and air-assisted transfer devices. Each lot will be awarded to multiple suppliers (approximately 4 per lot) on an unranked basis.",Non-powered sit-to-stand transfer aids; acute mobile hoists (active electric and passive electric); mobile hoists with bariatric add-on weigh mechanism; acute gantry hoists (passive electric); patient-specific clip slings (passive and active); reusable clip slings (passive and active); patient-specific loop slings (passive and active); reusable loop slings (passive and active); reusable sliding sheets; patient-specific sliding sheets; air-assisted supine transfer devices.,NOT FOUND,NOT FOUND,English
2,rls-4-APR554912,NP86726 - Testing Kits Assembly & Distribution Service,The Common Services Agency (more commonly known as Public Services Delivery Scotland) (PSD Scotland),SCT,2026-06-01,800000.0,https://www.publiccontractsscotland.gov.uk/search/show/ocds-r6ebe6-0000830695,"This tender is for a testing kits assembly and distribution service for Public Health Scotland. The supplier will receive free-of-charge inventory items, source additional items, assemble various testing kits, manage stock control, and dispatch kits to end users with ability to mobilize within 24 hours for future pandemics.",Testing kit assembly and distribution services including: receiving and storing FOC (free of charge) inventory items from PHS/PDS; sourcing supplier-managed inventory items; building/assembling testing kits as requested; applying shipping labels and dispatching kits for delivery; managing inventory and stock control for both supplier-purchased and FOC items; handling LFDs (lateral flow devices) with twice-daily electronic order notifications; storage of pallets containing FOC supplied stock; 24-hour standby capability for pandemic response.,NOT FOUND,NOT FOUND,English
2,rls-78-APR553196,Fife Assertive Outreach & Recovery Service,Fife Council,SCT,2026-05-05,4214224.0,https://www.publiccontractsscotland.gov.uk/search/show/ocds-r6ebe6-0000828466,"This is a procurement for an assertive outreach and recovery service for people affected by substance use in Fife, Scotland. The service requires a trauma-informed, person-centered approach with four components: triage/assessment, assertive outreach, recovery activities, and training/workforce development.",NOT FOUND,"Experienced organisation capable of providing assertive outreach, trauma informed, relationship based and wraparound person-centred service for people affected by substance use",NOT FOUND,English
2,rls-14-MAY556575,Dental Sundries,The Common Services Agency (more commonly known as Public Services Delivery Scotland) (PSD Scotland),SCT,2026-06-25,13000000.0,https://www.publiccontractsscotland.gov.uk/search/show/ocds-r6ebe6-0000832732,"This is a framework contract for the provision of dental sundries to NHS Scotland Health Boards hospital locations. The procurement will award 4 suppliers on a multi-supplier unranked basis to supply a comprehensive range of dental consumables, instruments, and materials.","Dental sundries across multiple commodity groups including Consumables, Standard Endodontics, Finishing and Polishing, General Hygiene, Hand Instruments, Hand Pieces, Impressions, Linings and Cements, Matrix Systems, Oral Hygiene, Pins & Posts, Prevention, Restoratives, Rotary Instruments, Surgical, and Temporary Crowns and Materials for NHSS Hospital locations.",NOT FOUND,NOT FOUND,English
2,rls-25-MAY556372,PURCH2887 Provision of CVRU Rack Washer Replacement,University of Glasgow,SCT,2026-06-23,,https://www.publiccontractsscotland.gov.uk/search/show/ocds-r6ebe6-0000832618,"The University of Glasgow's Cardiovascular Research Unit requires a new rack washer for cleaning various animal housing equipment including rodent and lagomorph cages, IVC racks, rabbit pens, and accessories. The contract is for three years with options to extend for two additional one-year periods.","Rack washer equipment capable of handling and cleaning multiple cage types and accessories including rodent cages, lagomorph cages, IVC racks, rabbit pens, environmental enrichment items, and water bottles.",NOT FOUND,NOT FOUND,English
2,rls-30-MAY556234,Operating Tables & Theatre Lighting,The Common Services Agency (more commonly known as NHS National Services Scotland) (NSS),SCT,2026-06-22,2000000.0,https://www.publiccontractsscotland.gov.uk/search/show/ocds-r6ebe6-0000826313,"This is a framework agreement for the supply and delivery of operating theatre equipment including mobile operating tables, transfer systems, surgical trolleys, theatre lighting, mattresses, and pendants. All suppliers must provide comprehensive project management services covering pre-installation assessment through to final handover.","Mobile operating tables, transfer systems, surgical trolley systems, theatre lighting, mattresses, and pendants. All items require full project management service including pre-installation assessment, supply, delivery, assembly, final placement, installation and handover.",NOT FOUND,NOT FOUND,English
2,rls-33-MAY556209,NP49426a Transition Medicines,The Common Services Agency (more commonly known as Public Services Delivery Scotland) (PSD Scotland),SCT,2026-06-22,61847781.0,https://www.publiccontractsscotland.gov.uk/search/show/ocds-r6ebe6-0000832157,"This is a multi-lot framework agreement for the supply of various categories of medicines to NHS Scotland. The procurement covers eight lots including RSV monoclonal antibody medicines, skin medicines, analgesics, psychiatry/neurology medicines, cancer medicines, gastrointestinal/endocrine/nutrition/blood medicines, antimicrobial/genitourinary medicines, and cardiovascular/respiratory/HIV medicines.","Lot 1: RSV Monoclonal Antibody Medicines; Lot 2: Skin medicines; Lot 3: Analgesics, Anaesthetics & MSD Generics medicines; Lot 4: Psychiatry and Neurology Medicines; Lot 5: Cancer Medicines; Lot 6: Gastrointestinal, Endocrine, Nutrition, Blood Medicines; Lot 7: Antimicrobial and Genitourinary Medicines; Lot 8: Cardiovascular, Respiratory, and HIV Medicines.",NOT FOUND,NOT FOUND,English
2,rls-75-MAY555468,NHS Lothian Radiotherapy Linacs,Lothian Health Board,SCT,2026-06-09,5700000.0,https://www.publiccontractsscotland.gov.uk/search/show/ocds-r6ebe6-0000829960,"NHS Lothian is procuring two linear accelerators (linacs) for radiotherapy treatment. One linac is needed to match and backup an existing system (LA6) with specific energy capabilities, and another linac must be capable of on-line Adaptive Radiotherapy.","Two radiotherapy linear accelerators (linacs): (1) A linac to match and provide back-up to LA6 with nominal energies 6 MV and 10 MV, including Flattening Filter Free (FFF) capability; (2) A linac capable of on-line Adaptive Radiotherapy (ART)",NOT FOUND,NOT FOUND,English
2,rls-101-MAY555053,NHS Greater Glasgow & Clyde OMS TPS Replacement,NHS Greater Glasgow and Clyde,SCT,2026-06-02,2600000.0,https://www.publiccontractsscotland.gov.uk/search/show/ocds-r6ebe6-0000828961,"NHS Greater Glasgow & Clyde is procuring a replacement Oncology Management System (OMS) and Treatment Planning System (TPS) for the Beatson radiotherapy department. The system must handle data for 230,000+ patients with over 4 million treatment histories and accommodate growth over the next five years.","Oncology Management System (OMS) and Treatment Planning System (TPS) capable of operating as a single entity, accommodating radiotherapy data and images for 230,000+ patients with 4,000,000+ treatment histories, supporting multiple simultaneous users for outlining, optimisation and dose calculation functions, with capacity for 10GB database growth and 2TB image storage growth per annum.",NOT FOUND,NOT FOUND,English
2,rls-10-JUN558819,Intravenous & Topical Fluids,"The Common Services Agency (more commonly known as NHS National Services Scotland) (""NSS"")",SCT,2026-07-27,39671652.0,https://www.publiccontractsscotland.gov.uk/search/show/ocds-r6ebe6-0000830029,"This is a multi-lot framework agreement for the supply of intravenous and topical fluids to NHS Scotland, including glucose and sodium chloride infusion bags in various sizes, needle-free infusion bags, licensed and unlicensed infusion bags, and other IV/topical fluids. Most product lines will be awarded to up to three suppliers on an unranked basis.","Glucose 5% infusion bags (50ml, 100ml, 250ml); Sodium Chloride 0.9% infusion bags (50ml, 100ml, 250ml); Needle Free Infusion Bags in various presentations; Unlicensed Infusion Bags in various presentations; Licensed Infusion Bags in various presentations; Other intravenous and topical fluids.",NOT FOUND,NOT FOUND,English
2,rls-24-JUN558538,Wound Management Products,The Common Services Agency (more commonly known as Public Services Delivery Scotland) (PSD Scotland),SCT,2026-07-24,34000000.0,https://www.publiccontractsscotland.gov.uk/search/show/ocds-r6ebe6-0000834079,"This is a tender for wound management products across multiple lots (Lots 2-18), including various specialized dressings such as antimicrobial dressings, alginate dressings, fibre gel dressings with silver, haemostatic dressings, and super absorbent dressings. Each lot will be awarded to a maximum of five suppliers on a ranked basis.",Lot 2: Antimicrobial Odour Management Absorbent Dressing plus Silver; Lot 3: Odour Management Dressing - Non-Absorbent; Lot 4: Fibre Gel Dressing with Silver Fibre; Lot 5: Fibre Gel Dressing with Silver; Lot 6: Alginate Dressing with Silver; Lot 7: Non Surgical Haemostatic Dressing; Lot 8: Antimicrobial Gel for Moderate to Heavily Exuding Wounds; Lot 9: Antimicrobial Gel for Light to Moderate Exuding Wounds; Lot 10: Alginate Dressings Fibre; Lot 11: Super Absorbent Dressing with backing (all variants); Lot 12: Super Absorbent Dressing without backing; Lot 13: Self-adhering dressing (DFU) Two-part multi layered multimodal wound dressing; Lot 14: Nano-oligosaccharide factor dressing (DFU) Absorbent hydrocellular lipido-colloid dressing; Lot 15: Fibre Dressing with Foam Backing bordered (all variants); Lot 16: Fibre Dressing with Foam Backing (non bordered); Lot 17: Antimicrobial Dressing - absorbent (adhesive) bordered/non bordered; Lot 18: Antimicrobial Dressing - absorbent (non-adhesive) Bordered/Non Bordered. All in various sizes per Pricing Schedule.,NOT FOUND,NOT FOUND,English
2,rls-49-JUN558046,NP86626 - Swab Collection Devices,The Common Services Agency (more commonly known as Public Services Delivery Scotland) (PSD Scotland),SCT,2026-07-16,2516304.0,https://www.publiccontractsscotland.gov.uk/search/show/ocds-r6ebe6-0000831799,"This tender is for the procurement of viral/bacterial specimen collection devices including various configurations of pre-filled transport medium tubes, inactivation medium tubes, sterile swabs with breakpoints, and associated miscellaneous laboratory supplies for use across NHS Scotland's Laboratory Estate.","Sample collection kits with 1ml VTM (green cap) and sterile swab with breakpoint; Sample collection kits with 3ml VTM (green cap) and sterile swab with breakpoint; Individual tubes with 2ml inactivation medium (red cap); Sample collection kits with 2ml inactivation medium (red cap) and sterile swab with breakpoint; Sterile swabs (flexible polystyrene shaft, viscose/flosynthetic/flocked mini tip, white, PCR ready, with scored breakpoint, CE/UKCA marked, IVD certified); 1 litre bottle inactivation medium (lysis buffer); Replacement blue screw caps; 7ml empty tubes with loose yellow caps; Individual sterile dry swabs without breakpoint; UN3373 compliant transport packs (sealed bags and rigid containers for various tube sizes).",NOT FOUND,NOT FOUND,English
2,rls-61-JUN557846,NP16726 Multi Modality Imaging Equipment and Maintenance Framework,The Common Services Agency (more commonly known as Public Services Delivery Scotland) (PSD Scotland),SCT,2026-07-13,350000000.0,https://www.publiccontractsscotland.gov.uk/search/show/ocds-r6ebe6-0000832628,"This is a framework agreement for the supply, installation, maintenance, and repair of a comprehensive range of diagnostic imaging and therapy equipment across NHS Scotland facilities. It covers both new equipment procurement and ongoing servicing/maintenance by OEM and third-party providers, as well as associated consumables and accessories.","Bladder scanners; contrast and radiopharmaceutical injectors with syringes and consumables; diagnostic imaging equipment including X-Ray, Computed Radiography, CT, MR, PET/CT, Mammography, Fluoroscopy, Lithotripter, Interventional, Dental, Bone Densitometry, Image Intensifier, Nuclear Imaging, Ultrasound, Linear Accelerators; mammography vacuum devices, non-wire lesion localisation detectors and devices, sentinel lymph node location detectors and non-radioactive tracer fluids; specimen cabinets; digital systems for scoliosis; Angiography; mobile units and modular builds; installation services including pre-installation turnkey contracts; OEM and third-party maintenance and servicing.",NOT FOUND,NOT FOUND,English
2,rls-63-JUN557787,NHS GGC Radiotherapy Linac,NHS Greater Glasgow and Clyde,SCT,2026-07-13,2800000.0,https://www.publiccontractsscotland.gov.uk/search/show/ocds-r6ebe6-0000833411,"NHS Greater Glasgow and Clyde is procuring one Linear Accelerator to replace end-of-life radiotherapy equipment at the Beatson Satellite facility located at University Hospital Monklands in Airdrie, Lanarkshire.",One (1) Linear Accelerator (Linac) for radiotherapy treatment,NOT FOUND,NOT FOUND,English
2,rls-85-JUN557309,NHSDG Estates & Property ICES LOLER Inspection,Dumfries and Galloway Health Board,SCT,2026-07-09,90000.0,https://www.publiccontractsscotland.gov.uk/search/show/ocds-r6ebe6-0000833841,"This tender is for LOLER (Lifting Operations and Lifting Equipment Regulations 1998) inspection services for community equipment installed in approximately 300 private residences across Dumfries and Galloway. The inspections support the Integrated Community Equipment Service, a joint venture between NHS Dumfries & Galloway and Dumfries & Galloway Council that provides equipment to enable people with illness or disability to live independently at home.","LOLER inspection services for lifting equipment installed in private residences as part of the Integrated Community Equipment Service, covering approximately 300 household visits throughout the region.",NOT FOUND,NOT FOUND,English
2,rls-97-JUN557036,Provision of Internal and External Hand / Grab Rails,North Ayrshire Council,SCT,2026-07-02,371912.0,https://www.publiccontractsscotland.gov.uk/search/show/ocds-r6ebe6-0000833293,North Ayrshire Council is seeking to procure internal and external hand/grab rails through an open tender process. This is a straightforward procurement for accessibility equipment to be installed in properties.,Internal and external hand rails and grab rails for installation in properties.,NOT FOUND,NOT FOUND,English
2,rls-6-JUL561322,"Advanced Physiological Monitoring Consumables (Pulse Oximetry, Depth of Anaesthesia EEG, and Cerebral Oximetry (NIRS))",The Common Services Agency (more commonly known as NHS National Services Scotland) (NSS),SCT,2026-08-31,12000000.0,https://www.publiccontractsscotland.gov.uk/search/show/ocds-r6ebe6-0000826316,"This tender is for the supply of various physiological monitoring consumables and devices for NHS Scotland, including EEG sensors for anaesthesia monitoring, pulse oximetry sensors (reusable and disposable) for all age groups, and handheld pulse oximeters with accessories.","Disposable EEG sensors for depth of anaesthesia monitoring; Adult reusable pulse oximeter sensors with adapter cables and extension cables; Single-use/disposable pulse oximeter sensors for Neonatal, Infant, Paediatric and Adult patients; Handheld pulse oximeters and accessories.",NOT FOUND,NOT FOUND,English
2,rls-25-JUL560909,NP39726 Generic and Biosimilar Cancer Medicines,The Common Services Agency (more commonly known as Public Services Delivery Scotland) (PSD Scotland),SCT,2026-08-26,197026942.0,https://www.publiccontractsscotland.gov.uk/search/show/ocds-r6ebe6-0000838357,"This is a tender for the supply of generic and biosimilar cancer medicines to NHS Scotland. The procurement covers 18 separate lots of chemotherapy drugs in various formulations including powders, solutions, tablets and capsules. Each lot will be awarded as a single supplier framework agreement.",Lot 1: Bendamustine powder for solution for infusion vials; Lot 2: Capecitabine tablets; Lot 3: Cisplatin solution for infusion vials; Lot 4: Cyclophosphamide powder for solution for injection vials; Lot 5: Cytarabine solution for injection vials; Lot 6: Dacarbazine powder for solution for injection/infusion vials; Lot 7: Disodium folinate solution for injection vials; Lot 8: Docetaxel solution for infusion vials; Lot 9: Fluorouracil 25mg/ml solution for injection/infusion vials; Lot 10: Fluorouracil 50mg/ml solution for injection/infusion vials; Lot 11: Gemcitabine 38mg/ml solution for infusion vials; Lot 12: Gemcitabine 100mg/ml solution for infusion vials; Lot 13: Ifosfamide powder for solution for injection vials; Lot 14: Methotrexate solution for injection/infusion vials; Lot 15: Oxaliplatin solution for infusion vials; Lot 16: Paclitaxel solution for infusion vials; Lot 17: Temozolomide capsules; Lot 18: Vincristine solution for injection vials,NOT FOUND,NOT FOUND,English
2,rls-28-JUL560852,Patient Temperature Management and Fluid Warming,The Common Services Agency The Common Services Agency (more commonly known as Public Services Delivery Scotland) (PSD Scotland),SCT,2026-08-24,7600000.0,https://www.publiccontractsscotland.gov.uk/search/show/ocds-r6ebe6-0000838055,This is a multi-lot tender for patient temperature management and fluid warming equipment and consumables across Scottish Health Boards. Delivery will be mainly to the National Distribution Site with some direct deliveries to individual Health Boards. Each lot will be awarded to multiple suppliers (up to 5) on an unranked basis.,Lot 1: Fluid warming devices for neonates and paediatrics up to 20kgs; Lot 2: Patient warming blankets (forced air) devices and consumables; Lot 3: Patient warming reusables; Lot 4: Fluid warming standard flow devices; Lot 5: Fluid warming rapid flow devices (minimum 500mls/min); Lot 6: Controlled patient temperature management devices; Lot 7: Warming cabinets and warming shelves; Lot 8: Patient warming blankets (non-forced air) devices and consumables.,NOT FOUND,NOT FOUND,English
2,rls-37-JUL560627,PURCH2984 Provision of Biomarker Assay Reagents and Consumables for Measurement of Selected Biomarkers in Stored Clinical Trial Serum Samples,University of Glasgow,SCT,2026-08-21,,https://www.publiccontractsscotland.gov.uk/search/show/ocds-r6ebe6-0000838051,"The University of Glasgow requires supply of biomarker assay reagents and consumables for measuring selected biomarkers in stored clinical trial serum/plasma samples, for an initial 6-month period with option to extend for another 6 months.","Assay reagents, calibrators, quality control material, diluents, consumables, technical support, and any additional equipment required to measure selected biomarkers in stored human serum and/or plasma samples from a clinical trial. Specific biomarkers and models NOT FOUND.",NOT FOUND,NOT FOUND,English
2,rls-82-JUL559781,"Insulin Infusion Pumps, Continuous Glucose Monitoring Systems and Associated Consumables",The Common Services Agency (more commonly known as NHS National Services Scotland) (NSS),SCT,2026-08-10,140000000.0,https://www.publiccontractsscotland.gov.uk/search/show/ocds-r6ebe6-0000826322,"This tender is for the supply and delivery of insulin infusion pumps, continuous glucose monitoring systems, and their associated consumable supplies to all NHS Scotland health entities and NHS Northern Ireland Trusts.","Insulin infusion pumps, continuous glucose monitoring systems, and associated consumables for these devices.",NOT FOUND,NOT FOUND,English
2,rls-41-AUG562507,PfH Materials Supply Framework,Procurement for Housing Ltd (t/a PfH Scotland),SCT,2026-10-09,1538000000.0,https://www.publiccontractsscotland.gov.uk/search/show/ocds-r6ebe6-0000840302,"This is NOT a medical devices tender. This is a framework agreement for the supply of construction, building, and maintenance materials including plumbing, heating, gas, electrical, building materials, and kitchen supplies for housing projects in Scotland and Wales.","NOT FOUND (This tender is for construction/building materials, not medical devices)",NOT FOUND,NOT FOUND,English
2,rls-60-AUG562155,NP36726 Fertility Medicines,The Common Services Agency (more commonly known as Public Services Delivery Scotland) (PSD Scotland),SCT,2026-09-14,6379692.0,https://www.publiccontractsscotland.gov.uk/search/show/ocds-r6ebe6-0000839084,"This is a framework procurement for fertility medicines to be supplied to NHS Scotland. The tender is divided into two lots: one for single-supplier arrangements per product line, and another for unranked multi-supplier arrangements (up to 3 suppliers) per product line.","A range of fertility medicines. Specific products, brands, and model numbers are referenced in the ITT documents which are not provided in this notice.",NOT FOUND,NOT FOUND,English
1,rls-42-MAR552131,SPS-02117 Provision of Retail Goods to the SPS,Scottish Prison Service,SCT,2026-05-01,,https://www.publiccontractsscotland.gov.uk/search/show/ocds-r6ebe6-0000827121,This is a procurement notice from the Scottish Prison Service for the provision of retail goods. The full tender details will be published separately as an Invitation to Tender (ITT) on the Public Contract Scotland-Tender portal.,NOT FOUND,NOT FOUND,NOT FOUND,English
