title,deadline,country,estimated_value_eur,tender_url,notice_id,cpv_codes,description,buyer_name
NP86726 - Testing Kits Assembly & Distribution Service,2026-06-01,SCT,800000.0,https://www.publiccontractsscotland.gov.uk/search/show/ocds-r6ebe6-0000830695,rls-4-APR554912,33140000,"The requirement for the awarded supplier is as follows:
 Receive FOC inventory items from PHS/PDS as mentioned in each testing kit
 Source the supplier managed inventory items
 Build the relevant kits as requested
 Ship/Despatch the test kits for onward delivery
 Manage inventory/stock control of both Supplier Purchased items and FOC provided items from PHS/PDS, triggering the relevant orders/request for more FOC items as and when required. Receive FOC inventory items from PHS/PDS as mentioned in each testing kit
 Source the supplier managed inventory items
 Build the relevant kits as requested
 Ship/Despatch the test kits for onward delivery
 Manage inventory/stock control of both Supplier Purchased items and FOC provided items from PHS/PDS, triggering the relevant orders/request for more FOC items as and when required. The requirement for the awarded supplier is as follows:
 Receive FOC inventory items from PHS/PDS as mentioned in each testing kit
 Source the supplier managed inventory items
 Build the relevant kits as requested
 Ship/Despatch the test kits for onward delivery
 Manage inventory/stock control of both Supplier Purchased items and FOC provided items from PHS/PDS, triggering the relevant orders/request for more FOC items as and when required.
 Please note no stock is required to be held for these test kits, however the supplier must have the ability to stand up the sourcing/building of these kits within 24 hours notice in response to any future Pandemics. LFDs will be provided FOC from PDS to the awarded the supplier, the requirement for this area is that the awarded supplier will receive electronic notifications of the orders that are required twice daily, the supplier will then take one box of LFDs per order then action as follows:
 Apply Shipping label
 Despatch for onward delivery The supplier is required to store a number of pallets containing FOC supplied Stock from PSD/PHS this will vary depending on demand.
 The supplier is required to despatch any relevant orders for Lots 1-4 for onward delivery to the relevant end users as required",The Common Services Agency (more commonly known as Public Services Delivery Scotland) (PSD Scotland)
Fife Assertive Outreach & Recovery Service,2026-05-05,SCT,4214224.0,https://www.publiccontractsscotland.gov.uk/search/show/ocds-r6ebe6-0000828466,rls-78-APR553196,33693300 85000000 85300000 85310000 85312000 85312300 85312310 85312320 85312500 85323000,"Fifeâs Alcohol and Drug Partnership (âFife ADPâ) wishes to procure an experienced organisation to provide an assertive outreach, trauma informed, relationship based and wraparound person-centred service, embedded within all Fife communities for people affected by their own substance use. A flexible and multiple service modelled approach within the oneâ¯organisationâ¯isâ¯required, allowing for a high degree of agility and responsiveness for different entry and exit points.â¯Theâ¯service model has four components, as follows:
 - Triage, Assessment & Harm Reduction
 - Assertive Outreach
 - Recovery Activities and Communities
 - Training and Workforce Development
 Further details are provided within the Service Specification.",Fife Council
Janitorial Products,2026-06-26,SCT,17900000.0,https://www.publiccontractsscotland.gov.uk/search/show/ocds-r6ebe6-0000832270,rls-9-MAY556636,18424300 33711900 33761000 33763000 33771000 33771100 34928480 39222100 39224000 39224200 39224310 39224340 39525800 39830000 39831000 39831200 39831300 39831600 39831700 42933100 42968200 42968300,"The scope of this agreement is the supply of a range of Janitorial and Cleaning products and associated products, materials and services.
 Contractors must be able to price and supply a minimum of 71.75% (170-line items) of the products listed in the Core Product List (Section A) for Lot 1.. Economic operators may be excluded from this competition if they are in any of the situations referred to in regulation 58 of the Public Contracts (Scotland) Regulations 2015. The scope of this lot is the supply of a range of single use and re-usable sanitary products and associate products and support services as detailed in the Invitation to Tender documents and appendices to multiple sites and locations across Scotland as detailed in Appendix E - List of Institutions alongside the option to deliver directly to students.
 Contractors must be able to price and supply a minimum of 64.71% (22 line items) of the products listed in the Core Product List (Section A) for Lot 2.. Economic operators may be excluded from this competition if they are in any of the situations referred to in regulation 58 of the Public Contracts (Scotland) Regulations 2015.",APUC Limited
Dental Sundries,2026-06-25,SCT,13000000.0,https://www.publiccontractsscotland.gov.uk/search/show/ocds-r6ebe6-0000832732,rls-14-MAY556575,33141800,"This lot will be awarded as a Multi Supplier Unranked award were we envisage awarding 4 suppliers.
 This contract framework is for the provision of Dental Sundries for NHSS Health Boards including the following commodity groups;
 Consumables, Standard Endodontics, Finishing and Polishing, General Hygiene, Hand Instruments, Hand Pieces, Impressions, Linings and Cements, Matrix Systems, Oral Hygiene, Pins & Posts, Prevention, Restoratives, Rotary Instruments, Surgical, Temporary Crowns and Materials.
 For NHSS Hospital locations. General Dental Practitioners (GDPs) are not in scope for this framework. This lot will be awarded as a Multi Supplier Unranked award were we envisage awarding 4 suppliers.
 This contract framework is for the provision of Dental Sundries for NHSS Health Boards including the following commodity groups;
 Consumables, Standard Endodontics, Finishing and Polishing, General Hygiene, Hand Instruments, Hand Pieces, Impressions, Linings and Cements, Matrix Systems, Oral Hygiene, Pins & Posts, Prevention, Restoratives, Rotary Instruments, Surgical, Temporary Crowns and Materials.
 For NHSS Hospital locations. General Dental Practitioners (GDPs) are not in scope for this framework. This lot will be awarded as a Multi Supplier Unranked award were we envisage awarding 4 suppliers.
 This contract framework is for the provision of Dental Sundries for NHSS Health Boards including the following commodity groups;
 Consumables, Standard Endodontics, Finishing and Polishing, General Hygiene, Hand Instruments, Hand Pieces, Impressions, Linings and Cements, Matrix Systems, Oral Hygiene, Pins & Posts, Prevention, Restoratives, Rotary Instruments, Surgical, Temporary Crowns and Materials.
 For NHSS Hospital locations. General Dental Practitioners (GDPs) are not in scope for this framework. This lot will be awarded as a Multi Supplier Unranked award were we envisage awarding 4 suppliers.
 This contract framework is for the provision of Dental Sundries for NHSS Health Boards including the following commodity groups;
 Consumables, Standard Endodontics, Finishing and Polishing, General Hygiene, Hand Instruments, Hand Pieces, Impressions, Linings and Cements, Matrix Systems, Oral Hygiene, Pins & Posts, Prevention, Restoratives, Rotary Instruments, Surgical, Temporary Crowns and Materials.
 For NHSS Hospital locations. General Dental Practitioners (GDPs) are not in scope for this framework. This lot will be awarded as a Multi Supplier Unranked award were we envisage awarding 4 suppliers.
 This contract framework is for the provision of Dental Sundries for NHSS Health Boards including the following commodity groups;
 Consumables, Standard Endodontics, Finishing and Polishing, General Hygiene, Hand Instruments, Hand Pieces, Impressions, Linings and Cements, Matrix Systems, Oral Hygiene, Pins & Posts, Prevention, Restoratives, Rotary Instruments, Surgical, Temporary Crowns and Materials.
 For NHSS Hospital locations. General Dental Practitioners (GDPs) are not in scope for this framework. This lot will be awarded as a Multi Supplier Unranked award were we envisage awarding 4 suppliers.
 This contract framework is for the provision of Dental Sundries for NHSS Health Boards including the following commodity groups;
 Consumables, Standard Endodontics, Finishing and Polishing, General Hygiene, Hand Instruments, Hand Pieces, Impressions, Linings and Cements, Matrix Systems, Oral Hygiene, Pins & Posts, Prevention, Restoratives, Rotary Instruments, Surgical, Temporary Crowns and Materials.
 For NHSS Hospital locations. General Dental Practitioners (GDPs) are not in scope for this framework.",The Common Services Agency (more commonly known as Public Services Delivery Scotland) (PSD Scotland)
PURCH2887 Provision of CVRU Rack Washer Replacement,2026-06-23,SCT,,https://www.publiccontractsscotland.gov.uk/search/show/ocds-r6ebe6-0000832618,rls-25-MAY556372,33100000 42995000,"PURCH2887 Provision of CVRU Rack Washer Replacement for the Period of Three Years with the Option to Extend for a Further Two Periods of Twelve Months
 The University Cardiovascular Research Unit (CVRU) requires a new rack washer to handle variety of cage types and accessories (rodent and lagomorph cages; IVC racks; rabbit pens; environmental enrichment, water bottles).
 Please refer to the âPURCH2887 â Invitation to Tenderâ for further details and specification",University of Glasgow
Operating Tables & Theatre Lighting,2026-06-22,SCT,2000000.0,https://www.publiccontractsscotland.gov.uk/search/show/ocds-r6ebe6-0000826313,rls-30-MAY556234,31524110 33162100 33169000 33192230 39143112,"The supply and delivery of mobile operating tables. All suppliers awarded to the framework must be able to provide a full project management service which includes pre-installation assessment, supply, delivery, assembly, final placement, installation and handover. The supply and delivery of transfer systems. All suppliers awarded to the framework must be able to provide a full project management service which includes pre-installation assessment, supply, delivery, assembly, final placement, installation and handover. The supply and delivery of surgical trolley systems. All suppliers awarded to the framework must be able to provide a full project management service which includes pre-installation assessment, supply, delivery, assembly, final placement, installation and handover. The supply and delivery of theatre lighting. All suppliers awarded to the framework must be able to provide a full project management service which includes pre-installation assessment, supply, delivery, assembly, final placement, installation and handover. The supply and delivery of mattresses. All suppliers awarded to the framework must be able to provide a full project management service which includes pre-installation assessment, supply, delivery, assembly, final placement, installation and handover. The supply and delivery of pendants. All suppliers awarded to the framework must be able to provide a full project management service which includes pre-installation assessment, supply, delivery, assembly, final placement, installation and handover.",The Common Services Agency (more commonly known as NHS National Services Scotland) (NSS)
NP49426a Transition Medicines,2026-06-22,SCT,61847781.0,https://www.publiccontractsscotland.gov.uk/search/show/ocds-r6ebe6-0000832157,rls-33-MAY556209,33600000,"Supply of RSV Monoclonal Antibody Medicines to NHS Scotland. The Authority intends to award this Lot as an unranked multi supplier Framework Agreement per product line. Supply of skin medicines to NHS Scotland. The Authority intends to award this Lot as a ranked multi supplier Framework Agreement per product line. Supply of Analgesics, Anaesthetics & MSD Generics medicines to NHS Scotland. The Authority intends to award this Lot as a ranked multi supplier Framework Agreement per product line. Supply of Psychiatry and Neurology Medicines to NHS Scotland. The Authority intends to award this Lot as a ranked multi supplier Framework Agreement per product line. Supply of Cancer Medicines to NHS Scotland. The Authority intends to award this Lot as a ranked multi supplier Framework Agreement per product line. Supply of Gastrointestinal, Endocrine, Nutrition, Blood Medicines to NHS Scotland. The Authority intends to award this Lot as a ranked multi supplier Framework Agreement per product line. Supply of Antimicrobial and Genitourinary Medicines to NHS Scotland. The Authority intends to award this Lot as
 a ranked multi supplier Framework Agreement per product line. Supply of Cardiovascular, Respiratory, and HIV Medicines to NHS Scotland. The Authority intends to award this Lot as
 a ranked multi supplier Framework Agreement per product line.",The Common Services Agency (more commonly known as Public Services Delivery Scotland) (PSD Scotland)
NHS Lothian Radiotherapy Linacs,2026-06-09,SCT,5700000.0,https://www.publiccontractsscotland.gov.uk/search/show/ocds-r6ebe6-0000829960,rls-75-MAY555468,33150000,"A linac to match and provide back-up to LA6 with nominal energies 6 MV and 10 MV, including Flattening Filter Free (FFF) A linac capable of on-line Adaptive Radiotherapy (ART)",Lothian Health Board
NHS Greater Glasgow & Clyde OMS TPS Replacement,2026-06-02,SCT,2600000.0,https://www.publiccontractsscotland.gov.uk/search/show/ocds-r6ebe6-0000828961,rls-101-MAY555053,33150000 33151000,"The Oncology Management System (OMS) must operate as a single entity across the Beatson and be able to accommodate radiotherapy data and images for upwards of 230,000 patients, with over 4,000,000 treatment histories, and have the capacity for increases in radiotherapy workload for the next five years. The estimated increase in database growth is 10GB per annum with accompanying image storage growth of approximately 2TB per annum. The Treatment Planning System is intended to be the departmentâs primary pre-treatment planning system for almost all radical and palliative treatments.
 To this extent the system requires capacity to host a large number of simultaneous users executing a variety of planning functions such as outlining, optimisation and dose calculation.",NHS Greater Glasgow and Clyde
PfH Materials Supply Framework,2026-10-09,SCT,1538000000.0,https://www.publiccontractsscotland.gov.uk/search/show/ocds-r6ebe6-0000840302,rls-43-AUG562507,03419000 03419100 09000000 09300000 09323000 09330000 09331000 09331100 09331200 09332000 14212400 14213000 14622000 14715000 24615000 24957200 30232700 30237475 31000000 31121300 31158100 31210000 31211100 31211110 31213300 31220000 31221000 31224800 31300000 31320000 31321200 31340000 31500000 31518200 31527260 31600000 31625000 31625100 31625200 31681000 31681200 31681410 31682410 31712331 31712347 33141112 33196200 34928500 35121700 38126200 38551000 39122100 39141000 39141100 39141200 39141300 39141400 39141500 39144000 39220000 39221000 39221100 39314000 39514000 39516000 39563530 39715000 39715200 39715210 39715220 39715300 39717000 39721310 39721410 39721411 39812500 42122000 42122130 42131110 42161000 42500000 42510000 42511000 42511100 42511110 42515000 42520000 42530000 42533000 42600000 42943400 43300000 43312300 43320000 43324000 43413000 43810000 43830000 44000000 44111000 44111100 44111600 44111700 44112200 44112500 44112600 44113100 44113120 44113130 44114000 44114100 44115000 44115200 44115210 44115220 44115800 44163110 44163121 44211400 44212310 44212315 44221000 44232000 44300000 44316000 44322000 44322200 44322300 44410000 44411400 44511000 44600000 44619200 44620000 44621000 44621110 44621111 44621112 44621200 44621210 44621220 44621221 44622000 44622100 45212500 45261215 45330000 45421151 48000000 48100000 48110000 65400000 71321200 72212110,"Provision of Plumbing, Heating & Gas related materials. Provision of Plumbing, Heating & Gas related materials for Scottish customers. Provision of Plumbing, Heating & Gas related materials for Welsh customers. Supply of Electrical related materials for Scottish customers. Supply of Electrical related materials for Welsh customers. Provision of building and construction related materials. Provision of building and construction related materials for Scottish customers. Provision of building and construction related materials for Welsh customers. Provision of Aids & Adaptions associated materials. Provision for materials supply by National Consortia's/Buying Groups. Managed Solutions provision covering Managed Stores and Managed Services supply
 routes. Provision of materials related to Renewables & Retrofit. Provision of on demand materials supplies supported by branch networks. Provision of kitchen materials to support planned, responsive and reactive works. Technology (van stock) solutions to support materials supply contracts.",Procurement for Housing Ltd (t/a PfH Scotland)
NP57426 Condoms & Sexual Health Products,2026-09-17,SCT,1143000.0,https://www.publiccontractsscotland.gov.uk/search/show/ocds-r6ebe6-0000839868,rls-58-AUG562206,33124110 33140000 33712000,"This Lot covers the supply of sexual health and pregnancy testing products for use across NHS Scotland. Products may include, but are not limited to, pregnancy tests, HIV tests, syphilis tests and combination sexual health testing products. The Framework is intended to support the delivery of sexual health services by providing access to clinically appropriate, compliant and value for money diagnostic products across participating authorities. Lot 3 is a multi supplier unranked award, it evaluated and awarded independently of all other Lots.
 Tenderers may bid for this Lot without submitting a tender for any other Lot. This Lot covers the provision of added value services that support the delivery of sexual health services across NHS Scotland. Services may include, but are not limited to, products, educational resources, awareness campaigns, training materials, patient information, health promotion initiatives and other value-added activities designed to improve sexual health outcomes and support service delivery.
 This is an unranked and unscored Lot.
 Tenderers will be required to provide details of the added value services they propose to offer as part of their framework participation. Suppliers successfully awarded a place on Lot 1, Lot 2 and/or Lot 3 will automatically be awarded a place on Lot 4. Appointment to Lot 4 does not form part of the scored evaluation process and Tenderers will not be ranked for this Lot. This Lot covers innovative products, services and solutions that support the delivery and continuous improvement of sexual health services across NHS Scotland. Innovation proposals may include, but are not limited to, new product developments, technological advancements, service enhancements, packaging innovations, environmental improvements and other initiatives that deliver additional value and improved outcomes for patients and participating authorities.
 This is an unranked and unscored Lot.
 Tenderers will be invited to describe any innovative products, services or initiatives that they can offer as part of their framework participation. Suppliers successfully awarded a place on Lot 1, Lot 2 and/or Lot 3 will automatically be awarded a place on Lot 5. Appointment to Lot 5 does not form part of the scored evaluation process and Tenderers will not be ranked for this Lot. This Lot covers the supply of loose condoms and lubricants for use across NHS Scotland. Products may include, but are not limited to, standard latex condoms, large condoms, latex-free condoms, extra-thin condoms, flavoured condoms, textured condoms, internal condoms and associated lubricants. The Framework is intended to support sexual health services by providing access to clinically appropriate, compliant and value for money products throughout Scotland. This is a multi supplier ranked and scored Lot.
 Lot 1 Commercial 30%
 Lot 2 Commercial 30%
 Combined 60%
 Lots 1 and 2 will be evaluated and awarded as a combined requirement. Tenderers will be ranked based on their combined evaluated score across Lots 1 and 2. Full details of the evaluation and award methodology are provided within the Invitation to Tender documentation
 Tenderers wishing to be considered for Lot 1 must also submit a compliant tender for Lot 2, as Lots 1 and 2 will be evaluated and awarded as a combined requirement. This Lot covers the provision of pre-bagged sexual health products for NHS Scotland. The requirement includes the assembly, packaging and supply of pre-configured sexual health kits containing condoms, lubricants and other agreed sexual health products in accordance with Participating Authority specifications. Products shall be supplied ready for distribution and support the delivery of sexual health services and public health initiatives across Scotland. This is a multi supplier ranked and scored Lot.
 Lot 1 Commercial 30%
 Lot 2 Commercial 30%
 Combined 60%
 Lots 1 and 2 will be evaluated and awarded as a combined requirement. Tenderers will b",The Common Services Agency (more commonly known as Public Services Delivery Scotland) (PSD Scotland)
NP36726 Fertility Medicines,2026-09-14,SCT,6379692.0,https://www.publiccontractsscotland.gov.uk/search/show/ocds-r6ebe6-0000839084,rls-62-AUG562155,33600000,Supply of Single Supplier for a Range of Fertility Medicines to NHS Scotland. The Authority intends to award this Lot as a single supplier framework per product line. Full details of Goods and volumes can be found within the ITT documents. Supply of Unranked Multi-Supplier for a Range of Fertility Medicines to NHS Scotland. The Authority intends to award this Lot as a unranked multi-supplier framework per product line to a maximum of three (3) Framework Participants. Full details of Goods and volumes can be found within the ITT documents.,The Common Services Agency (more commonly known as Public Services Delivery Scotland) (PSD Scotland)
"Occupational Health, Employee Assistance Programme and Associated Services",2026-10-02,SCT,460000.0,https://www.publiccontractsscotland.gov.uk/search/show/ocds-r6ebe6-0000841833,rls-8-SEP563674,33196200 72212190 85140000 85147000 85312300 85312320,"Work-focused medical assessments, advice on fitness for work, adjustments, health surveillance, and case-specific clinical guidance for SDS management. Note: OH will focus strictly on medical and capability advice in a workplace context or mandated work-related intervention (e.g. drug & alcohol counselling) and not be expected to provide general counselling or non-medical interventions, unless the provider is successful in multiple lots. 24/7 confidential counselling and advice for employees (and immediate family members as industry-standard, typically age 16+ dependents). Includes short-term counselling (phone/online/in-person) and practical advice (legal, financial, family, etc.), plus structured clinical triage to identify cases requiring other interventions (e.g. specialist therapy or OH referral). Communications & Engagement Support - proactive collaboration with SDSâs internal Communications to drive awareness and appropriate usage of the service (e.g. campaigns, uptake analysis, content for staff communications). e.g. Cognitive Behavioural Therapy (CBT), trauma-focused counselling, or other structured interventions beyond short-term EAP counselling. These are delivered via call-off following EAP or management recommendation (not automatically bundled into the core EAP fee). A non-clinical advice and coaching helpline for SDS managers dealing with difficult people situations (e.g. supporting staff with mental health issues, sensitive conversations, crisis support). Distinct from EAP, this service is intended to provide managers with practical guidance, coaching and emotional support when dealing with challenging workplace situations involving the wellbeing of employees. It is not a source of HR, legal or procedural advice and must not direct managers on employment decisions or formal people management processes. Responsibility for policy interpretation, case management and employment decisions remains with SDS. Specialist evaluations of employees potentially neurodivergent, with workplace-focused recommendations, delivered by qualified practitioners, separate from OH. Post-assessment support for individuals or teams to implement adjustments and build capability. Supply of recommended adjustments (chairs, desks, peripherals, etc.) via pre-defined catalogues/pricing. Provision of specialised software for disabled/neurodivergent employees and training to ensure effective use.",Skills Development Scotland Ltd
